[{"id":"user-image-1358039.png","publicUrl":"np://user.desktop.nicepage.com/Site_35324468/images/1358039.png","size":3619,"hash":"WFPx3nO85jgIKHV5rtTJbDFZTGQ=","fileName":"1358039.png","name":"1358039","width":128,"height":128,"thumbnail":{"url":"np://user.desktop.nicepage.com/Site_35324468/images/thumbnails/1358039.png","width":128,"height":128,"length":3619,"type":"png"},"folderId":null,"usages":["244734817"]},{"id":"user-image-327589.png","publicUrl":"np://user.desktop.nicepage.com/Site_35324468/images/327589.png","size":3762,"hash":"QnDcXMCIXgh1xVng3Po7c5QggV0=","fileName":"327589.png","name":"327589","width":128,"height":128,"thumbnail":{"url":"np://user.desktop.nicepage.com/Site_35324468/images/thumbnails/327589.png","width":128,"height":128,"length":3762,"type":"png"},"folderId":null,"originalUrl":"https://assets.nicepagecdn.com/d2cc3eaa/6350264/images/327589.png","usages":["244734817"]},{"id":"user-image-1819744.png","publicUrl":"np://user.desktop.nicepage.com/Site_35324468/images/1819744.png","size":3687,"hash":"cbBiCwuHwzH2kczIi/oBRzMs4ak=","fileName":"1819744.png","name":"1819744","width":128,"height":128,"thumbnail":{"url":"np://user.desktop.nicepage.com/Site_35324468/images/thumbnails/1819744.png","width":128,"height":128,"length":3687,"type":"png"},"folderId":null,"originalUrl":"https://assets.nicepagecdn.com/d2cc3eaa/6350264/images/1819744.png","usages":["244734817"]},{"id":"user-image-542638.png","publicUrl":"np://user.desktop.nicepage.com/Site_35324468/images/542638.png","size":1880,"hash":"sc2XNtBQJ4cCk30ORdVZbM4ZdEw=","fileName":"542638.png","name":"542638","width":128,"height":128,"thumbnail":{"url":"np://user.desktop.nicepage.com/Site_35324468/images/thumbnails/542638.png","width":128,"height":128,"length":1880,"type":"png"},"folderId":null,"originalUrl":"https://assets.nicepagecdn.com/d2cc3eaa/6350264/images/542638.png","usages":["244734817"]},{"id":"user-image-Removal-30.png","publicUrl":"np://user.desktop.nicepage.com/Site_35324468/images/Removal-30.png","size":155312,"hash":"xOEFxeekI7VFNQB/GTaH6LKsX4A=","fileName":"Removal-30.png","name":"Removal-30","width":449,"height":367,"thumbnail":{"url":"np://user.desktop.nicepage.com/Site_35324468/images/thumbnails/Removal-30.png","width":250,"height":204},"folderId":null,"usages":["125829667","product:4","1605719548","272646463","product:1"]},{"id":"user-image-Removal-939.png","publicUrl":"np://user.desktop.nicepage.com/Site_35324468/images/Removal-939.png","size":85615,"hash":"j3cQV4Fn1rr1fICkx1BR6NE4WZE=","fileName":"Removal-939.png","name":"Removal-939","width":353,"height":221,"thumbnail":{"url":"np://user.desktop.nicepage.com/Site_35324468/images/thumbnails/Removal-939.png","width":250,"height":157},"folderId":null,"usages":["125829667","product:5","product:3","1605719548","272646463","product:1"]},{"id":"user-image-Removal-349.png","publicUrl":"np://user.desktop.nicepage.com/Site_35324468/images/Removal-349.png","size":89588,"hash":"HofhRMuiEFm2Pi2ZPAsc3GRh/S4=","fileName":"Removal-349.png","name":"Removal-349","width":301,"height":225,"thumbnail":{"url":"np://user.desktop.nicepage.com/Site_35324468/images/thumbnails/Removal-349.png","width":250,"height":187},"folderId":null,"usages":["125829667","product:6","product:2","1605719548","272646463","product:1","157902256"]},{"id":"user-image-1046786.png","publicUrl":"np://user.desktop.nicepage.com/Site_35324468/images/1046786.png","size":9181,"hash":"3FYPkVzH71pLc242Simh4U35BM4=","fileName":"1046786.png","name":"1046786","width":128,"height":128,"thumbnail":{"url":"np://user.desktop.nicepage.com/Site_35324468/images/thumbnails/1046786.png","width":128,"height":128,"length":9181,"type":"png"},"folderId":null,"usages":["1605719548"]},{"id":"user-image-1161644.png","publicUrl":"np://user.desktop.nicepage.com/Site_35324468/images/1161644.png","size":8942,"hash":"kssqGIRThGr4+Q0lXug4wg6CjA4=","fileName":"1161644.png","name":"1161644","width":128,"height":128,"thumbnail":{"url":"np://user.desktop.nicepage.com/Site_35324468/images/thumbnails/1161644.png","width":128,"height":128,"length":8942,"type":"png"},"folderId":null,"usages":["1605719548"]},{"id":"user-image-hotdog.jpg","publicUrl":"np://user.desktop.nicepage.com/Site_35324468/images/hotdog.jpg","size":109603,"hash":"9NvUMyG0h1u80pApsancYANOzO0=","fileName":"hotdog.jpg","name":"hotdog","width":736,"height":1104,"thumbnail":{"url":"np://user.desktop.nicepage.com/Site_35324468/images/thumbnails/hotdog.jpg","width":167,"height":250},"folderId":null,"usages":["125829667"]},{"id":"user-image-tacos.jpg","publicUrl":"np://user.desktop.nicepage.com/Site_35324468/images/tacos.jpg","size":109498,"hash":"fzSEHfHcYhcdzB69DolXDMSl6uU=","fileName":"tacos.jpg","name":"tacos","width":564,"height":846,"thumbnail":{"url":"np://user.desktop.nicepage.com/Site_35324468/images/thumbnails/tacos.jpg","width":167,"height":250},"folderId":null,"usages":["125829667"]},{"id":"user-image-fies.jpg","publicUrl":"np://user.desktop.nicepage.com/Site_35324468/images/fies.jpg","size":76727,"hash":"qLP8zCRSHIZGXRVQBo4awSXfFFo=","fileName":"fies.jpg","name":"fies","width":564,"height":821,"thumbnail":{"url":"np://user.desktop.nicepage.com/Site_35324468/images/thumbnails/fies.jpg","width":172,"height":250},"folderId":null,"usages":["125829667"]},{"id":"user-image-delicious-burgers-with-copy-space1.jpg","publicUrl":"np://user.desktop.nicepage.com/Site_35324468/images/delicious-burgers-with-copy-space1.jpg","size":1840122,"hash":"lP1mkGEBwhpgQrr6og4Uf2tyFv4=","fileName":"delicious-burgers-with-copy-space1.jpg","name":"delicious-burgers-with-copy-space1","width":7348,"height":4904,"thumbnail":{"url":"np://user.desktop.nicepage.com/Site_35324468/images/thumbnails/delicious-burgers-with-copy-space1.jpg","width":250,"height":167},"folderId":null,"usages":["125829667","1605719548","272646463","244734817","157902256"]},{"id":"user-image-45825-O4SXGS.jpg","publicUrl":"np://user.desktop.nicepage.com/Site_35324468/images/45825-O4SXGS.jpg","size":799840,"hash":"0c0UMeM6ERS+XBVqWHabeSWFLHc=","fileName":"45825-O4SXGS.jpg","name":"45825-O4SXGS","width":1667,"height":1667,"thumbnail":{"url":"np://user.desktop.nicepage.com/Site_35324468/images/thumbnails/45825-O4SXGS.jpg","width":250,"height":250},"folderId":null,"usages":["125829667"]},{"id":"user-image-IMG_8134-removebg-preview.png","publicUrl":"np://user.desktop.nicepage.com/Site_35324468/images/IMG_8134-removebg-preview.png","size":153053,"hash":"y/GUrjMBxYfVre3bCQ/2fNkNo10=","fileName":"IMG_8134-removebg-preview.png","name":"IMG_8134-removebg-preview","width":528,"height":473,"thumbnail":{"url":"np://user.desktop.nicepage.com/Site_35324468/images/thumbnails/IMG_8134-removebg-preview.png","width":250,"height":224},"folderId":null,"usages":["1605719548"]}]