[{"id":70878900,"title":"Blog Template","order":1,"templateKey":"blog","customTemplate":false,"customTemplateFilename":null,"pageLinks":["6","5","4"],"dateCreated":"2024-10-28T08:44:16.775Z","dateUpdated":"2024-10-29T10:21:49.945Z","folderId":null,"pageName":"Blog Template","serverPageId":null,"sectionCount":1,"status":2,"backwardUrl":null},{"id":53804991,"title":"Post Template","order":2,"templateKey":"post","customTemplate":false,"customTemplateFilename":null,"pageLinks":[],"dateCreated":"2024-10-28T08:44:16.910Z","dateUpdated":"2024-10-28T08:46:51.293Z","folderId":null,"pageName":"Post Template","serverPageId":null,"sectionCount":1,"status":2,"backwardUrl":null},{"id":272646463,"title":"Product List Template","order":3,"templateKey":"products","customTemplate":false,"customTemplateFilename":null,"pageLinks":[],"dateCreated":"2024-10-28T08:44:17.040Z","dateUpdated":"2024-10-31T15:46:49.561Z","folderId":null,"pageName":"Product List Template","serverPageId":null,"sectionCount":1,"status":2,"backwardUrl":null},{"id":157902256,"title":"Product Details Template","order":4,"templateKey":"product","customTemplate":false,"customTemplateFilename":null,"pageLinks":[],"dateCreated":"2024-10-28T08:44:17.159Z","dateUpdated":"2024-10-31T15:27:26.138Z","folderId":null,"pageName":"Product Details Template","serverPageId":null,"sectionCount":1,"status":2,"backwardUrl":null},{"id":790128160,"title":"Shopping Cart Template","order":5,"templateKey":"cart","customTemplate":false,"customTemplateFilename":null,"pageLinks":[],"dateCreated":"2024-10-28T08:44:17.268Z","dateUpdated":"2024-10-28T08:44:18.229Z","folderId":null,"pageName":"Shopping Cart Template","serverPageId":null,"sectionCount":1,"status":2,"backwardUrl":null},{"id":1714919287,"title":"Checkout Template","order":6,"templateKey":"checkout","customTemplate":false,"customTemplateFilename":null,"pageLinks":[],"dateCreated":"2024-10-28T08:44:17.420Z","dateUpdated":"2024-10-28T08:44:18.229Z","folderId":null,"pageName":"Checkout Template","serverPageId":null,"sectionCount":1,"status":2,"backwardUrl":null},{"id":831006127,"title":"Login Template","order":7,"templateKey":"login","customTemplate":false,"customTemplateFilename":null,"pageLinks":[],"dateCreated":"2024-10-28T08:44:17.520Z","dateUpdated":"2024-10-28T08:44:18.229Z","folderId":null,"pageName":"Login Template","serverPageId":null,"sectionCount":1,"status":2,"backwardUrl":null},{"id":1470719832,"title":"Search Page Template","order":8,"templateKey":"Search","customTemplate":false,"customTemplateFilename":null,"pageLinks":[],"dateCreated":"2024-10-28T08:44:17.599Z","dateUpdated":"2024-10-28T08:44:18.229Z","folderId":null,"pageName":"Search Page Template","serverPageId":null,"sectionCount":1,"status":2,"backwardUrl":null},{"id":246110099,"title":"Page Password Template","order":9,"templateKey":"password","customTemplate":false,"customTemplateFilename":null,"pageLinks":[],"dateCreated":"2024-10-28T08:44:17.681Z","dateUpdated":"2024-10-28T08:44:18.229Z","folderId":null,"pageName":"Page Password Template","serverPageId":null,"sectionCount":1,"status":2,"backwardUrl":null},{"id":187572704,"title":"404 Not Found Template","order":10,"templateKey":"404","customTemplate":false,"customTemplateFilename":null,"pageLinks":[],"dateCreated":"2024-10-28T08:44:17.749Z","dateUpdated":"2024-10-28T08:44:18.229Z","folderId":null,"pageName":"404 Not Found Template","serverPageId":null,"sectionCount":1,"status":2,"backwardUrl":null},{"id":259629558,"title":"Thank You Page Template","order":11,"templateKey":"ThankYou","customTemplate":false,"customTemplateFilename":null,"pageLinks":[],"dateCreated":"2024-10-28T08:44:17.817Z","dateUpdated":"2024-10-28T08:44:18.229Z","folderId":null,"pageName":"Thank You Page Template","serverPageId":null,"sectionCount":1,"status":2,"backwardUrl":null},{"id":125829667,"title":"Home","order":50,"templateKey":null,"customTemplate":false,"customTemplateFilename":null,"pageLinks":[],"dateCreated":"2024-10-28T08:44:18.725Z","dateUpdated":"2024-11-01T07:02:37.456Z","folderId":null,"pageName":"Home_125829667","serverPageId":null,"sectionCount":4,"status":2,"backwardUrl":null},{"id":244734817,"title":"Contact","order":101,"templateKey":null,"customTemplate":false,"customTemplateFilename":null,"pageLinks":[],"dateCreated":"2024-10-28T08:44:17.899Z","dateUpdated":"2024-11-01T07:06:02.780Z","folderId":null,"pageName":"Contact_244734817","serverPageId":null,"sectionCount":1,"status":2,"backwardUrl":null},{"id":1605719548,"title":"About","order":102,"templateKey":null,"customTemplate":false,"customTemplateFilename":null,"pageLinks":["272646463"],"dateCreated":"2024-10-29T07:21:34.536Z","dateUpdated":"2024-11-01T06:47:41.932Z","folderId":null,"pageName":"About_1605719548","serverPageId":null,"sectionCount":5,"status":2,"backwardUrl":null},{"id":656229621,"title":"Catering","order":103,"templateKey":null,"customTemplate":false,"customTemplateFilename":null,"pageLinks":[],"dateCreated":"2024-10-29T07:30:54.738Z","dateUpdated":"2024-11-01T06:53:50.101Z","folderId":null,"pageName":"Catering_656229621","serverPageId":null,"sectionCount":1,"status":2,"backwardUrl":null}]