{"products":[{"id":"1","name":"double-burger","title":"Double Burger","description":"Sample text. Lorem ipsum dolor sit amet, consectetur adipiscing elit nullam nunc justo sagittis suscipit.","fullDescription":"","price":"10","oldPrice":"","quantity":1,"currency":"USD","sku":"","outOfStock":false,"isFeatured":false,"categories":["4"],"images":[{"url":"np://user.desktop.nicepage.com/Site_35324468/images/Removal-349.png"},{"url":"np://user.desktop.nicepage.com/Site_35324468/images/Removal-939.png"},{"url":"np://user.desktop.nicepage.com/Site_35324468/images/Removal-30.png"}],"created":1730105058643,"updated":1730388195901,"isDefault":true},{"id":"6","name":"double-burger-1","title":"Double Burger","description":"Sample text. Lorem ipsum dolor sit amet, consectetur adipiscing elit nullam nunc justo sagittis suscipit.","fullDescription":"Sample text. Lorem ipsum dolor sit amet, consectetur adipiscing elit, sed do eiusmod tempor incididunt ut labore et dolore magna aliqua. Ut enim ad minim veniam, quis nostrud exercitation ullamco laboris nisi ut aliquip ex ea commodo consequat.","price":"10","oldPrice":"","quantity":1,"currency":"USD","sku":"","outOfStock":false,"isFeatured":false,"categories":["5"],"images":[{"url":"np://user.desktop.nicepage.com/Site_35324468/images/Removal-349.png"}],"created":1730105058643,"updated":1730294314591,"isDefault":true},{"id":"5","name":"single-patty-burger","title":"Single Patty Burger","description":"Sample text. Lorem ipsum dolor sit amet, consectetur adipiscing elit nullam nunc justo sagittis suscipit.","fullDescription":"Sample text. Lorem ipsum dolor sit amet, consectetur adipiscing elit, sed do eiusmod tempor incididunt ut labore et dolore magna aliqua. Ut enim ad minim veniam, quis nostrud exercitation ullamco laboris nisi ut aliquip ex ea commodo consequat.","price":"7.75","oldPrice":"","quantity":1,"currency":"USD","sku":"","outOfStock":false,"isFeatured":false,"categories":["5"],"images":[{"url":"np://user.desktop.nicepage.com/Site_35324468/images/Removal-939.png"}],"created":1730105058643,"updated":1730294326864,"isDefault":true},{"id":"2","name":"sinlge-patty-burger","title":"Sinlge Patty Burger","description":"Sample text. Lorem ipsum dolor sit amet, consectetur adipiscing elit nullam nunc justo sagittis suscipit.","fullDescription":"Sample text. Lorem ipsum dolor sit amet, consectetur adipiscing elit, sed do eiusmod tempor incididunt ut labore et dolore magna aliqua. Ut enim ad minim veniam, quis nostrud exercitation ullamco laboris nisi ut aliquip ex ea commodo consequat.","price":"7.75","oldPrice":"","quantity":1,"currency":"USD","sku":"","outOfStock":false,"isFeatured":false,"categories":["5"],"images":[{"url":"np://user.desktop.nicepage.com/Site_35324468/images/Removal-349.png"}],"created":1730105058643,"updated":1730294335580,"isDefault":true},{"id":"4","name":"special-burger","title":"Special Burger","description":"Sample text. Lorem ipsum dolor sit amet, consectetur adipiscing elit nullam nunc justo sagittis suscipit.","fullDescription":"Sample text. Lorem ipsum dolor sit amet, consectetur adipiscing elit, sed do eiusmod tempor incididunt ut labore et dolore magna aliqua. Ut enim ad minim veniam, quis nostrud exercitation ullamco laboris nisi ut aliquip ex ea commodo consequat.","price":"15","oldPrice":"","quantity":1,"currency":"USD","sku":"","outOfStock":false,"isFeatured":false,"categories":["5"],"images":[{"url":"np://user.desktop.nicepage.com/Site_35324468/images/Removal-30.png"}],"created":1730105058643,"updated":1730294343001,"isDefault":true},{"id":"3","name":"triple-patty-burger","title":"Triple Patty Burger","description":"Sample text. Lorem ipsum dolor sit amet, consectetur adipiscing elit nullam nunc justo sagittis suscipit.","fullDescription":"Sample text. Lorem ipsum dolor sit amet, consectetur adipiscing elit, sed do eiusmod tempor incididunt ut labore et dolore magna aliqua. Ut enim ad minim veniam, quis nostrud exercitation ullamco laboris nisi ut aliquip ex ea commodo consequat.","price":"12.25","oldPrice":"","quantity":1,"currency":"USD","sku":"","outOfStock":false,"isFeatured":false,"categories":["5"],"images":[{"url":"np://user.desktop.nicepage.com/Site_35324468/images/Removal-939.png"}],"created":1730105058643,"updated":1730294352003,"isDefault":true}],"categories":[{"id":"1","title":"Clothes","categoryId":null,"created":1730105058643,"updated":1730105058643},{"id":"2","title":"Shoes","categoryId":null,"created":1730105058643,"updated":1730105058643},{"id":"3","title":"Accessories","categoryId":null,"created":1730105058643,"updated":1730105058643},{"id":"4","title":"Burger","categoryId":null,"created":1730187602805,"updated":1730187602805},{"id":"5","title":"Burger","categoryId":"4","created":1730187725787,"updated":1730187725787}]}